model,accuracy,precision,recall,f1,auc_pr,threshold,max_depth,subsample,reg_alpha,reg_lambda,train_time_sec
XGB_tuned,0.8372536692175949,0.23265017667844523,0.44199785177228784,0.3048430410223169,0.25261907588874183,0.6327112317085266,6,0.6,0.0,1.0,50.56057906150818
XGB_tuned,0.8529061070522688,0.2477336410087358,0.4035982814178303,0.3070166479419875,0.2516870377887652,0.6542896032333374,6,0.8,1.0,2.0,49.28886103630066
XGB_tuned,0.8510850478028053,0.24476546015257264,0.40494092373791624,0.3051087506322711,0.2514179838380953,0.6517141461372375,6,0.8,0.5,1.0,50.77475643157959
XGB_tuned,0.8560279229084917,0.2499571404080233,0.39151450053705694,0.3051166684105891,0.2513528620453374,0.6591770052909851,6,0.8,0.0,1.0,51.12147259712219
XGB_tuned,0.8374487827086088,0.2322644721906924,0.4395810955961332,0.3039361307092462,0.2510907839918639,0.6324939131736755,6,1.0,0.0,1.0,47.94837260246277
XGB_tuned,0.8459037006525463,0.2396923076923077,0.41836734693877553,0.30477308294209704,0.25009067452392836,0.6525651216506958,4,0.8,0.0,1.0,38.38087821006775
XGB_tuned,0.8511500856331433,0.2435520731309174,0.40064446831364126,0.3029441624365482,0.24811848850766133,0.6255656480789185,8,0.8,0.0,1.0,65.92647099494934
